zhongli12, zhongli215
lumine89, lumine89
eula1, eula1
klee1, klee1
yelan1, yelan1
yoimiya1, yoimiya1
ganyu1, ganyu1
venti12, venti12
